RMSE,R2
9.459350043394263,-3.07508714066919
